Console,Game,Proper Name,Type,Hack Of,Description
GB & GBC,pokemon Brown,Pokémon Brown,ROM Hack,Pokémon Red/Blue,"One of the earliest and most famous Gen 1 ROM hacks (by Koolboyman), set in the all-new Rijon region with 100+ Pokémon, new towns, and a full post-game. A complete reimagining rather than a simple edit."
GB & GBC,pokemon Dark energy,Pokémon Dark Energy,ROM Hack,Pokémon Silver,"A story-driven Silver hack by miksy91 set in the original world of Suden, playing more like a classic JRPG (à la Final Fantasy/Chrono Trigger) than a gym-badge journey, with an Elemental Orbs plot and eight optional sidequests."
GB & GBC,pokemon green,"Pokémon Green (Pocket Monsters: Green, Japan-only; English translation)",Translation,,The original 1996 Japan-only release that launched the franchise alongside Red; later updated and reissued as Blue. A turn-based RPG played in English via a fan translation.
GB & GBC,pokemon Bronze,Pokémon Bronze,ROM Hack,Pokémon Gold,"A Gold-based hack by Freako set shortly after Gold/Silver, with new starters, a brand-new region, original story, and Fakemon."
GB & GBC,pokemon Bronze 2,Pokémon Bronze 2,ROM Hack,Pokémon Gold,"A continuation/sequel to Pokémon Bronze, again built on Gold, expanding the region and roster."
GB & GBC,pokemon Chari,Pokémon Chari,ROM Hack,Pokémon Red,"A novelty hack of Red where every Pokémon is 'Zardified' into a Charizard-themed, Fire-type creature. Companion release to Pokémon Zard."
GB & GBC,pokemon Crystal kaizo,Pokémon Crystal Kaizo,ROM Hack,Pokémon Crystal,"A brutally difficult 'kaizo' overhaul of Crystal with revamped trainer teams, higher levels, and competitive movesets aimed at hardcore players."
GB & GBC,pokemon fools gold,Pokémon Fool's Gold,ROM Hack,Pokémon Crystal,"A Crystal hack that reimagines Johto with new Fakemon, retyped Pokémon, and a fresh take on the Gen 2 adventure."
GB & GBC,pokemon obscure,Pokémon Obscure (Gold hack by Acegikmo),ROM Hack,Pokémon Gold,"A heavily customized Gold hack by Acegikmo with extensive tile, map, and sprite edits; the hero is a nose and the rival is a pig, leaning into crude, random humor."
GB & GBC,pokemon silver 97 reforged,Pokémon Silver '97: Reforged,ROM Hack,Pokémon Gold/Silver (Spaceworld '97 demo),"A hack that rebuilds the leaked 1997 Spaceworld Gold/Silver demo into a complete, polished game using the demo's beta Pokémon and graphics."
GB & GBC,pokemon Super pika land,Super Pika Land,ROM Hack,Super Mario Land,"A sprite hack of Super Mario Land turned into a Pokémon platformer starring Pikachu, with enemies replaced by Pokémon and Ash standing in for Princess Daisy."
GB & GBC,pokemon team rocket edition,Pokémon Team Rocket Edition,ROM Hack,Pokémon Red,"A Red-based hack where you play as a Team Rocket grunt instead of the hero, experiencing Kanto from the villains' side."
GB & GBC,Megaman world 5 dx,Mega Man V DX (Rockman World 5 DX),ROM Hack,Mega Man V (Game Boy),"A colorized, enhanced hack of the Game Boy game Mega Man V (Rockman World 5), a side-scrolling action-platformer."
GB & GBC,pokemon pink,Pokémon Pink,ROM Hack,Pokémon Yellow,"A parody hack of Yellow themed around Jigglypuff and the color pink, with Jigglypuff following you in place of Pikachu."
GB & GBC,pokemon zard,Pokémon Zard,ROM Hack,Pokémon Red/Blue,Companion to Pokémon Chari; a Red hack where every Pokémon becomes a Charizard variant.
GB & GBC,Grimace birthday,Grimace's Birthday,Homebrew,,An official McDonald's promotional retro platformer (2023) starring Grimace on a skateboarding birthday adventure.
GB & GBC,pokemon Christmas,Pokémon Christmas,ROM Hack,Pokémon Crystal,"A Crystal hack with a festive holiday theme, set in a wintry Christmas-themed region."
GB & GBC,pokemon gold 97 reforged,Pokémon Gold '97: Reforged,ROM Hack,Pokémon Gold/Silver (Spaceworld '97 demo),A hack that completes and polishes the leaked 1997 Spaceworld Gold demo into a full game.
GB & GBC,pokemon Orange,Pokémon Orange,ROM Hack,Pokémon Crystal,"A Crystal hack by Pia Carrot inspired by the anime's Orange Islands, with an island-hopping journey."
GB & GBC,pokemon Blue Kazio,Pokémon Blue Kaizo,ROM Hack,Pokémon Blue,A 'kaizo' difficulty hack of Pokémon Blue with much tougher trainers and battles.
GB & GBC,pokemon super gold 97,Pokémon Super Gold 97 (completed Spaceworld '97 demo),ROM Hack,Pokémon Gold/Silver (Spaceworld '97 demo),"A completed, playable version of the 1997 Spaceworld Gold/Silver demo, restoring its beta content into a full game."
GB & GBC,pokemon picross,Pokémon Picross,Prototype,,"A cancelled official Pokémon puzzle game for Game Boy Color, based on nonogram puzzles; survives only as a leaked prototype."
GB & GBC,pokemon tcg 2,Pokémon Trading Card Game 2: Here Comes Team Great Rocket! (fan translation),Translation,,"The Japan-only sequel to the Pokémon Trading Card Game GBC title, a card-battling RPG; played in English via fan translation."
GB & GBC,pokemon crystal clear,Pokémon Crystal Clear,ROM Hack,Pokémon Crystal,"An acclaimed open-world Crystal hack that lets you tackle Johto and Kanto nonlinearly, choosing your own starter, route, and gym order."
GB & GBC,pokemon prism,Pokémon Prism,ROM Hack,Pokémon Crystal,"A highly regarded Crystal hack set in the new Naljo region, adding a mining minigame, new types, and a deep original story."
GB & GBC,pokemon Crystal Legacy,Pokémon Crystal Legacy,ROM Hack,Pokémon Crystal,"A Crystal hack that retools Johto into a tighter, better-balanced and more challenging Gen 2 experience."
GB & GBC,pokemon cock,Pokémon Cock (mature Red/Blue hack),ROM Hack,Pokémon Red/Blue,"A crude, mature parody hack of Red/Blue with raunchy dialogue and humor; intended for adult audiences."
GB & GBC,pokemon creepy black gbc,Pokémon Creepy Black (GBC version),ROM Hack,Pokémon Red,"A faithful recreation of the famous 'Pokémon Black' creepypasta, featuring the ghost Pokémon and the screen-blackening 'Curse' move."
GBA,F-Zero Climax,F-Zero Climax (fan translation),Translation,,"The final F-Zero game, a fast futuristic racer with a track editor; released only in Japan and played in English via fan translation."
GBA,pokemon eclipse,Pokémon Eclipse (FireRed hack),ROM Hack,Pokémon FireRed,A FireRed hack set in the new Soala region with an original story (left unfinished after the 4th gym).
GBA,dragon ball z,Dragon Ball Z: Team Training (FireRed hack),ROM Hack,Pokémon FireRed,"A FireRed hack reskinned as Dragon Ball Z (DBZ: Team Training) where you catch and train DBZ characters instead of Pokémon, with 130+ new attacks."
GBA,pokemon Alternate-Evolutions,Pokémon Alternate Evolutions,ROM Hack,Pokémon FireRed,"A FireRed hack that gives many Pokémon brand-new alternate evolutions, changing how familiar species develop."
GBA,pokemon ashgray,Pokémon Ash Gray,ROM Hack,Pokémon FireRed,"A FireRed hack that retells the anime's Kanto journey, letting you play as Ash and recreate iconic episodes."
GBA,pokemon eternal snow,Pokémon Eternal Snow,ROM Hack,Pokémon Emerald,"A large-scale Emerald hack by Reshiram with three leagues, 18 gyms, 600+ Pokémon, the Fairy type, and multiple regions."
GBA,pokemon league of legends,Pokémon League of Legends (Emerald hack),ROM Hack,Pokémon Emerald,"An Emerald hack that merges Pokémon with League of Legends, letting you collect animated Champions and battle through Valoran."
GBA,pokemon marble,Pokémon Marble (FireRed hack by Baro),ROM Hack,Pokémon FireRed,"A story-heavy FireRed hack by Baro (creator of Quartz), set in the country of Lowheaven with original Pokémon and dark themes of mortality."
GBA,pokemon Mewtwo strikes back,Pokémon Ash Kanto: Mewtwo Strikes Back (FireRed hack),ROM Hack,Pokémon FireRed,A FireRed hack (Ash Kanto: Mewtwo Strikes Back) recreating the events of the first Pokémon movie with you playing as Ash.
GBA,pokemon Mirage of tales,Pokémon Mirage of Tales (Emerald hack by Avara),ROM Hack,Pokémon Emerald,"An Emerald hack with choice-based storytelling and a class/career system (Ranger, Criminal, Journalist, etc.) on a modern battle engine."
GBA,pokemon sovereign,Pokémon Sovereign of the Skies,ROM Hack,Pokémon FireRed,"A FireRed hack, Sovereign of the Skies, featuring an original region and a story centered on legendary sky Pokémon."
GBA,pokemon sweet version,Pokémon Sweet Version,ROM Hack,Pokémon FireRed,"A FireRed hack by Ephraim225 set in a 'Candyland' Kanto where everything is made of sweets; you catch 151 dessert-themed Pokésweets, use a 12-flavor ice-cream type chart, and cook recipes."
GBA,pokemon yellow legacy,Pokémon Yellow Legacy,ROM Hack,Pokémon FireRed,A FireRed hack that faithfully recreates Pokémon Yellow with light balance tweaks and quality-of-life improvements.
GBA,FE corrupt,Fire Emblem: The Corrupt Theocracy,ROM Hack,Fire Emblem: The Sacred Stones (FE8),"A fan-made strategy-RPG campaign built on Fire Emblem: The Sacred Stones (FE8), with an original story and maps."
GBA,FE last,Fire Emblem: The Last Promise,ROM Hack,Fire Emblem: Blazing Blade (FE7),An acclaimed full-length Fire Emblem fan campaign (FE7) — one of the first 'complete' hacks — following a rebellion against an empire.
GBA,FE requiem,Fire Emblem: Requiem,ROM Hack,Fire Emblem: Blazing Blade (FE7),A story-driven Fire Emblem fan campaign (FE7) of ~26 chapters about feuding noble houses.
GBA,pokemon A Grand day out,Pokémon: A Grand Day Out,ROM Hack,Pokémon LeafGreen,"A short, polished mini-hack by Cutlerine (made for a PokéCommunity Speedhacking contest) where Team Rocket is blowing up Route 1 to catch a Cubone, with sharp, funny dialogue and the option to dress as a Rocket grunt."
GBA,pokemon Advance Adventures,Pokémon Advanced Adventure,ROM Hack,Pokémon LeafGreen,"A LeafGreen hack by dbzmay set in the new Kuland region, where a bullied, poor kid is tasked with toppling a usurper and his eight genetically-modified 'tyrant' Pokémon; Pokémon up to Gen 5 and a god-battling post-game."
GBA,pokemon Altair,Pokémon Altair,ROM Hack,Pokémon Emerald,"An Emerald hack from the Vega team, paired with Sirius, set in an original region full of new Fakemon (Japanese, fan-translated)."
GBA,pokemon AshsQuest,Pokémon Ash's Quest,ROM Hack,Pokémon FireRed,"A FireRed hack by ice_nine that recreates the first 82 episodes of the anime — the St. Anne, Sabrina's gym, the banned episodes, singing Jigglypuff — with no random trainers or wild Pokémon, just Ash's scripted journey."
GBA,pokemon black orb,Pokémon Black Orb (FireRed hack),ROM Hack,Pokémon FireRed,"A FireRed hack where badges come from quests and tasks rather than gyms, with a story about a mysterious black orb and Team Zen."
GBA,pokemon Brutal,Pokémon Brutal,ROM Hack,Pokémon Ruby,"A Ruby hack by Gerokunz adding new characters, events, and Johto/Kanto Pokémon while keeping the core Hoenn story."
GBA,pokemon cawps,Pokémon CAWPS,ROM Hack,Pokémon Emerald,"A mature, realistic Emerald hack set in the gritty 'Outlaw' universe where you play as a police officer."
GBA,pokemon chaos black,Pokémon Chaos Black,ROM Hack,Pokémon FireRed,An infamous bootleg FireRed hack with Fakemon that was sold as a legitimate retail game in stores.
GBA,pokemon clover,Pokémon Clover,ROM Hack,Pokémon FireRed,"A FireRed hack made by 4chan's /vp/ board, packed with crude humor, memes, and 386 original Fakemon."
GBA,pokemon Cosmic-Emerald,Pokémon Cosmic Emerald,ROM Hack,Pokémon Emerald,"A quality-of-life Emerald hack by SkyVortex that keeps the original story but fixes the PRNG glitch, adds more catchable legendaries and day/night events, unlimited TMs, run indoors, and a mild difficulty bump for veterans."
GBA,pokemon crystal dust,Pokémon Crystal Dust,ROM Hack,Pokémon Ruby,"A Ruby-based remake of Gen 2 (Gold/Silver/Crystal), bringing Johto into the Hoenn engine with updated graphics."
GBA,pokemon dark cry giratina,Pokémon Dark Cry: The Legend of Giratina,ROM Hack,Pokémon FireRed,"A dark-themed FireRed hack (Dark Cry: The Legend of Giratina) with a Shadow Plate ritual story, new region, and Fakemon."
GBA,pokemon dark rising,Pokémon Dark Rising,ROM Hack,Pokémon FireRed,"A notoriously difficult FireRed hack with an original region, Fakemon, and a save-the-world plot."
GBA,pokemon dark rising 2,Pokémon Dark Rising 2,ROM Hack,Pokémon FireRed,"The sequel to Dark Rising, continuing the hard-as-nails FireRed-based saga."
GBA,pokemon Dark rising order destroyed,Pokémon Dark Rising: Order Destroyed,ROM Hack,Pokémon FireRed,"An entry in the Dark Rising series, continuing its challenging original storyline."
GBA,pokemon frigo returns,Pokémon Frigo Returns (FireRed hack),ROM Hack,Pokémon FireRed,"A FireRed hack with a frosty winter theme — snowy towns, icy tunnels, and a quest to uncover who 'Frigo' is."
GBA,pokemon fuligin,Pokémon Fuligin,ROM Hack,Pokémon FireRed,"A FireRed hack by Sloo set in Kanto where you're pulled into Team Rocket by your brother and rise through its ranks to eventually lead it; a completed ~30-hour adventure with all Gen 1-3 Pokémon."
GBA,pokemon garys mod,Pokémon Gary's Mod (FireRed hack),ROM Hack,Pokémon FireRed,"A FireRed hack where you play as rival Gary Oak, reliving his untold heroics across Kanto."
GBA,pokemon Giratina strikes back,Pokémon: Giratina Strikes Back (Ruby hack),ROM Hack,Pokémon Ruby,"A Ruby hack set in the Lunoh region with 11 gyms, 65 Fakemon, and a plot to summon Giratina."
GBA,pokemon gs chronicles,Pokémon GS Chronicles,ROM Hack,Pokémon Emerald,An Emerald hack with a Johto-inspired original region and modern features like the Physical/Special split and Fairy type.
GBA,pokemon harvest craft,Pokémon Harvest Craft,ROM Hack,Pokémon Ruby,"A Ruby hack blending Pokémon with Harvest Moon — seasons, farming, and a love/relationship mechanic, with Show Owners replacing gyms."
GBA,pokemon hollow mysteries,Pokémon Hollow Mysteries (FireRed hack),ROM Hack,Pokémon FireRed,"A challenging FireRed hack set in the forgotten Ontak region, a ~25-hour adventure with a darker tone."
GBA,pokemon hyetology,Pokémon Hyetology (Emerald hack),ROM Hack,Pokémon Emerald,"A dark Emerald hack billed as one of the most mature hacks, with a crime story about a deadly Pokémon drug and police investigation."
GBA,pokemon Infernal Legend,Pokémon Infernal Legend (FireRed hack),ROM Hack,Pokémon FireRed,"A FireRed hack set years after Gold's victory, spanning Kanto, Johto, and new regions with sidequests and minigames."
GBA,pokemon jupiter,Pokémon Jupiter,ROM Hack,Pokémon Ruby,"A Ruby hack by Corvus of the Black Night that parodies the Golden Sun games (you play as Ivan, with Golden Sun characters as gym leaders), packed with Fakemon, a telepathy mechanic, and wild cameos like the Mythbusters and Daleks."
GBA,pokemon Korosu,Pokémon Korosu,ROM Hack,Pokémon FireRed,"A dark, violent FireRed revenge hack (the name means 'to kill') inspired by Kill Bill: a kidnapped girl escapes slavery and hunts the criminals who destroyed her family, across the lawless Sevii Islands and a grim post-Outlaw Kanto."
GBA,pokemon leaf yellow,Pokémon LeafYellow (FireRed hack),ROM Hack,Pokémon FireRed,A FireRed hack (LeafYellow) adding new features and content on the Kanto framework.
GBA,pokemon Legend of Fenju,Pokémon Legend of Fenju (FireRed hack),ROM Hack,Pokémon FireRed,"A FireRed hack set in the Chinese-mythology-inspired Fenju region, with a revenge story and village-elder battles instead of gyms."
GBA,pokemon lightning yellow,Pokémon Lightning Yellow,ROM Hack,Pokémon FireRed,"A FireRed hack that recreates Pokémon Yellow, with Pikachu following the player."
GBA,pokemon liquid ocean,Pokémon Liquid Ocean (FireRed hack),ROM Hack,Pokémon FireRed,A FireRed hack by Christos set in the Soala region; a Hack of the Year 2006 winner (left unfinished past the first gym).
GBA,pokemon Mega Power,Pokémon Mega Power,ROM Hack,Pokémon Emerald,"An Emerald hack about creating powerful Pokémon, with an original region and an evil-scientist storyline."
GBA,pokemon Normal,Pokémon Normal Version (FireRed hack),ROM Hack,Pokémon FireRed,"A FireRed hack where nearly every wild encounter is a Normal-type, themed around proving Normal types aren't weak."
GBA,pokemon orange islands,Pokémon: The Orange Islands,ROM Hack,Pokémon FireRed,A FireRed hack recreating the anime's Orange Islands arc.
GBA,pokemon Order and chaos,Pokémon Order and Chaos,ROM Hack,Pokémon FireRed,"A FireRed hack with an original fantasy region and entirely new Fakemon, built over eight years of development."
GBA,pokemon Outlaw,Pokémon Outlaw,ROM Hack,Pokémon FireRed,"A gritty, mature FireRed hack where you play a homeless street kid in a crime-ridden city."
GBA,pokemon psychic  adventures,Pokémon Psychic Adventures,ROM Hack,Pokémon FireRed,A FireRed hack by EViLGRiN with a psychic/mind-bending theme and original story.
GBA,pokemon quartz,Pokémon Quartz,ROM Hack,Pokémon Ruby,"A famously bizarre Ruby hack with surreal fan-made Fakemon and an odd, much-memed translation."
GBA,pokemon quetzal,Pokémon Quetzal,ROM Hack,Pokémon Emerald,"An Emerald hack notable for adding multiplayer co-op, letting friends explore together."
GBA,pokemon red chapters,Pokémon The Red Chapter,ROM Hack,Pokémon FireRed,A FireRed hack based on the Pokémon Adventures manga (the Red/Adventure Chapter).
GBA,pokemon Rescue Rangers,Pokémon Ruby Destiny: Rescue Rangers (Ruby hack),ROM Hack,Pokémon Ruby,"A Ruby hack styled after Pokémon Mystery Dungeon, where you become a Pikachu and join a rescue team."
GBA,pokemon Resolute Version,Pokémon Resolute,ROM Hack,Pokémon Emerald,"An Emerald hack by Wind1158 where you play Logan/Alma battling the resurgent Team Mirage across three regions (Sylon, Tyron, Johto), with Pokémon up to Gen 7 and Mega Evolution."
GBA,pokemon rocket science,Pokémon Rocket Science (FireRed hack),ROM Hack,Pokémon FireRed,A FireRed hack where you play a Team Rocket researcher running missions and experiments for Giovanni.
GBA,pokemon rocket strike,Pokémon Rocket Strike (FireRed hack),ROM Hack,Pokémon FireRed,A FireRed hack telling a Team Rocket-side story across a reimagined Kanto with 380+ Pokémon.
GBA,pokemon ruby Destiny Reign,Pokémon Ruby Destiny: Reign of Legends,ROM Hack,Pokémon Ruby,"The first Ruby Destiny game by destinedjagold, set in the Gento region with a multiple-realities story, Gen 4 Pokémon, custom Pokémon, and Shadow Lugia."
GBA,pokemon ruby Life of Guardians,Pokémon Ruby Destiny: Life of Guardians,ROM Hack,Pokémon Ruby,"The third Ruby Destiny game by destinedjagold, set 10 years later in the Hevah region: a girl chasing her dream of becoming a Guardian Trainer is swept into a fight against the Dark Organization and a world-threatening shadow."
GBA,pokemon Shiny Gold sigma,Pokémon Shiny Gold Sigma,ROM Hack,Pokémon FireRed,"A FireRed remake of Gold/Silver (Johto) by Zel, an updated 'Sigma' version with extra features."
GBA,pokemon Sienna,Pokémon Sienna,ROM Hack,Pokémon FireRed,A FireRed hack set in the Voultan region; popular but never fully completed.
GBA,pokemon Stardrop,Pokémon Stardrop,ROM Hack,Pokémon FireRed,"A FireRed hack by Pokepal17 with a time-travel story and a new region, themed around Suicune, Entei, and Raikou."
GBA,pokemon Terra Ruby,Pokémon Terra Ruby (Ruby hack),ROM Hack,Pokémon Ruby,"A darker reimagining of Hoenn (by DarkDon43) where you play Brendan caught between two warring criminal teams, Ander and Cypher, unraveling secrets around a mysterious figure named Yiki; adds Gen 4-5 Pokémon and a choose-your-order Elite Four."
GBA,pokemon Thunder yellow,Pokémon Thunder Yellow (FireRed hack),ROM Hack,Pokémon FireRed,A FireRed hack that recreates Pokémon Yellow on the GBA engine.
GBA,pokemon Top Secret,Pokémon Top Secret (GBA hack),ROM Hack,Pokémon FireRed,"A FireRed hack by megiddo set across the Orre and X regions, with a spy-style story fighting a mafia organization."
GBA,pokemon topaz,Pokémon Topaz,ROM Hack,Pokémon Ruby,"A Ruby hack by Bazza where you play a Team Rocket recruit stealing badges across the Topaz region; the entire Hoenn dex is replaced with 200+ original Fakemon."
GBA,pokemon Touhou another world,Touhoumon: Another World,ROM Hack,Pokémon FireRed,"A Touhoumon hack (on FireRed) where Pokémon are replaced by Touhou-themed 'puppets', set in a new world."
GBA,pokemon Touhou puppet,Touhoumon (Touhou Puppet Play),ROM Hack,Pokémon FireRed,"The core Touhoumon (Touhou Puppet Play) hack, replacing every Pokémon with a character from the Touhou shooter series."
GBA,pokemon Vega,Pokémon Vega,ROM Hack,Pokémon FireRed,"A FireRed hack with an all-new region and 180+ original Fakemon; originally Japanese, fan-translated to English."
GBA,pokemon Victory Fire,Pokémon Victory Fire,ROM Hack,Pokémon Emerald,A story-driven Emerald hack set in the Tyron region with an original plot.
GBA,pokemon xy,Pokémon X & Y GBA (Emerald hack),ROM Hack,Pokémon Emerald,"An Emerald hack that brings Kalos, Gen 6 Pokémon, and Mega Evolution to the GBA."
GBA,pokemon TCG_1+2,Pokémon Trading Card Game 1 + 2 (multicart),Multicart,TCG 1 (official) + TCG 2 (translation),A multicart combining the GBC Pokémon Trading Card Game with its fan-translated Japan-only sequel — two card-battling RPGs on one cart.
GBA,pokemon blazing emerald,Pokémon Blazing Emerald,ROM Hack,Pokémon Emerald,"An Emerald enhancement hack that expands Hoenn with extra Pokémon, features, and a refreshed experience."
GBA,pokemon eruption,Pokémon Eruption (FireRed hack),ROM Hack,Pokémon FireRed,"A FireRed hack by cooley where you play as Silver, with a new region and mission-based story."
GBA,pokemon light plat,Pokémon Light Platinum,ROM Hack,Pokémon Ruby,"A hugely popular Ruby hack set in the Zhery and Lauren regions, with two leagues and a large adventure."
GBA,pokemon Shiny Gold,Pokémon Shiny Gold,ROM Hack,Pokémon FireRed,A FireRed remake of Pokémon Gold (Johto) by Zel — one of the classic remake hacks.
GBA,pokemon Creepy Black gba,Pokémon Creepy Black (GBA / FireRed version),ROM Hack,Pokémon FireRed,"The GBA/FireRed version of the 'Pokémon Black' creepypasta recreation, with the ghost-and-Curse horror premise."
GBA,pokemon dark cry,Pokémon Dark Cry: The Legend of Giratina,ROM Hack,Pokémon FireRed,"A dark-story FireRed hack (Dark Cry: The Legend of Giratina) involving a Shadow Plate, a new region, and increased difficulty."
GBA,pokemon radical red,Pokémon Radical Red,ROM Hack,Pokémon FireRed,"A modern, extremely difficult FireRed hack with current-gen mechanics, the full National Dex, and a punishing Hardcore mode."
GBA,pokemon Cursed,Pokémon Cursed (FireRed creepypasta hack),ROM Hack,Pokémon FireRed,"A FireRed creepypasta/horror hack centered on a deadly 'Curse' move and a dark, scary atmosphere."
GBA,pokemon emerald rogue,Pokémon Emerald Rogue,ROM Hack,Pokémon Emerald,"A roguelike Emerald hack with randomized, run-based progression and a tough, replayable structure."
GBA,pokemon glazed,Pokémon Glazed,ROM Hack,Pokémon Emerald,"A very popular Emerald hack set in the Tunod region, with cross-generation Pokémon and a sprawling story."
GBA,pokemon snakewood,Pokémon Ruby: Snakewood,ROM Hack,Pokémon Ruby,"A Ruby hack (Ruby: Snakewood) that turns Hoenn into a zombie apocalypse, full of dark and absurd humor."
GBA,pokemon gaia,Pokémon Gaia,ROM Hack,Pokémon FireRed,"An acclaimed FireRed hack set in the Orbtus region, with an ancient-civilization story, polished maps, and modern features."
GBA,pokemon moemon emerald,Moemon Emerald,ROM Hack,Pokémon Emerald,An Emerald 'Moemon' hack that replaces Pokémon sprites with anime-girl personifications.
GBA,FE binding,Fire Emblem: The Binding Blade (fan translation),Translation,,"Fire Emblem: The Binding Blade (FE6), Roy's Japan-only strategy RPG, played in English via fan translation."
GBA,pokemon emerald legacy,Pokémon Emerald Legacy,ROM Hack,Pokémon Emerald,"An Emerald hack that rebalances and streamlines Hoenn for a cleaner, modern playthrough."
GBA,pokemon flora sky,Pokémon Flora Sky,ROM Hack,Pokémon Emerald,"An Emerald hack with an expanded Hoenn, new areas, and a story around sky and time legendaries."
GBA,pokemon liquid crystal,Pokémon Liquid Crystal,ROM Hack,Pokémon FireRed,"A FireRed remake of Pokémon Crystal (Johto), with added islands and extra content."
GBA,pokemon moemon,Moemon FireRed,ROM Hack,Pokémon FireRed,A FireRed 'Moemon' hack replacing Pokémon with cute anime-girl versions.
GBA,pokemon My Ass,Pokémon My Ass Version (FireRed hack),ROM Hack,Pokémon FireRed,A crude comedy FireRed hack with outrageous humor and an offbeat story about a brash playboy trainer.
GBA,pokemon Ultraviolet,Pokémon Ultra Violet,ROM Hack,Pokémon FireRed,"A FireRed hack that improves the base game, making all 386 Pokémon obtainable in one cartridge."
GBA,pokemon emerald kaizo,Pokémon Emerald Kaizo,ROM Hack,Pokémon Emerald,An infamously brutal difficulty hack of Emerald where gym leaders run full competitive teams; a definitive GBA challenge run.
GBA,Mother 1+2,Mother 1+2 (fan translation),Translation,,"A GBA compilation of the first two Mother games (EarthBound Beginnings + EarthBound), quirky turn-based RPGs; Japan-only, fan-translated."
GBA,pokemon fire red rocket,Pokémon FireRed: Rocket Edition (by Colonelsalt),ROM Hack,Pokémon FireRed,A FireRed hack (Rocket Edition by Colonelsalt) where you play a Team Rocket member and can steal Pokémon from defeated trainers.
GBA,pokemon emerald sea glass,Pokémon Emerald Seaglass,ROM Hack,Pokémon Emerald,"An Emerald hack by Nemo622 with a cozy, Game Boy Color-style aesthetic, scuba minigames, and a wishing-well feature."
GBA,pokemon unbound,Pokémon Unbound,ROM Hack,Pokémon FireRed,"A top-tier FireRed hack set in the Borrius region, praised for its rich story, side content, and modern features."
GBA,pokemon super mariomon,Super MarioMon (Emerald hack),ROM Hack,Pokémon Emerald,"An Emerald hack where Mario characters become the catchable 'Mariomon', set in a Mushroom Kingdom region (sponsored by Alpharad)."
GBA,Mother 3,Mother 3 (fan translation),Translation,,"The acclaimed Japan-only sequel to EarthBound, an emotional turn-based RPG, played in English via a renowned fan translation."
Genesis,yuyu hakusho,Yū Yū Hakusho: Makyō Tōitsusen (fan translation),Translation,,"A four-player anime fighting game by Treasure based on Yu Yu Hakusho; Japan-only, played in English via fan translation."
Genesis,Mortal Kombat 2 unlimited,Mortal Kombat II Unlimited (hack),ROM Hack,Mortal Kombat II (Genesis),A hack of Mortal Kombat II that unlocks/restores hidden characters and tweaks the fighting game.
Genesis,Curse,Curse,Translation,,A Japan-only horizontal-scrolling shoot-'em-up; played in English via fan translation.
Genesis,Daze before Christmas,Daze Before Christmas,Import (non-US release),,A festive side-scrolling platformer released in PAL/Australian territories (never in the US).
Genesis,Dragons Lair,Dragon's Lair: The Adventure Continues,Prototype,,"An unreleased Genesis port of Dragon's Lair: The Adventure Continues, a platformer; survives as a leaked prototype."
Genesis,Fido Dido,Fido Dido,Prototype,,A cancelled platformer prototype based on the 7-Up mascot Fido Dido.
Genesis,Golden axe III,Golden Axe III,Import (Japan-only release),,A Japan-only entry in the Golden Axe beat-'em-up series (released in the US only via Sega Channel).
Genesis,Itchy & Scratchy,The Itchy & Scratchy Game,Prototype,,An unreleased Simpsons spin-off platformer (The Itchy & Scratchy Game) that survives only as a prototype.
Genesis,It came from the desert,It Came from the Desert,Prototype,,"A cancelled top-down action game based on the B-movie cult license; near-complete prototype, scrapped over a fatal bug."
Genesis,King Colossus,King Colossus (Kashin Kōrei) (fan translation),Translation,,A Japan-only action-RPG by Sega; played in English via fan translation.
Genesis,Langrisser II,Langrisser II (fan translation),Translation,,A Japan-only tactical strategy RPG; played in English via fan translation.
Genesis,Magic Warrior,Brave Battle Saga: The Legend of the Magic Warrior (fan translation),Translation,,"Brave Battle Saga: The Legend of the Magic Warrior, a Taiwanese Final Fantasy-style RPG; fan-translated to English."
Genesis,Monster World,Monster World IV (fan translation),Translation,,"Monster World IV, a Japan-only action-platformer RPG (later officially localized); played here via fan translation."
Genesis,Nadia,Fushigi no Umi no Nadia (fan translation),Translation,,A Japan-only game based on the anime Nadia: The Secret of Blue Water; played in English via fan translation.
Genesis,Panorama cotton,Panorama Cotton (fan translation),Translation,,A Japan-only behind-the-back rail shooter in the cute 'Cotton' series; fan-translated.
Genesis,pengo,Pengo,Import (Japan-only release),,A Japan-only console port of Sega's classic arcade maze game Pengo.
Genesis,Pulseman,Pulseman,Translation,,"A Game Freak action-platformer with an electric hero; Japan-only (US via Sega Channel), played in English via fan translation."
Genesis,ResQ,ResQ,Prototype,,An unreleased puzzle/rescue game that survives only as a prototype.
Genesis,slap fight,Slap Fight MD,Translation,,"Slap Fight MD, a Japan-only console port of the vertical arcade shoot-'em-up."
Genesis,Snow Bros,Snow Bros.: Nick & Tom,Translation,,"Snow Bros.: Nick & Tom, a Japan-only port of the single-screen arcade platformer."
Genesis,Sonic classic,Sonic Classic Heroes (Sonic 2 hack),ROM Hack,Sonic the Hedgehog 2,"A Sonic 2 hack (Sonic Classic Heroes) that combines Sonic 1 and 2 and lets you play as a team of Sonic, Tails, and Knuckles."
Genesis,Stone Protectors,Stone Protectors,Prototype,,"An unreleased beat-'em-up based on the Stone Protectors cartoon/toy line; completed but never released, leaked as a prototype."
Genesis,Tetris,Tetris (Sega Mega Drive),Prototype (unreleased),,"The famously unreleased Sega Mega Drive version of Tetris, pulled before launch over licensing; an extremely rare prototype."
Genesis,Alien Soldier,Alien Soldier,Import (non-US release),,An intense Treasure run-and-gun with relentless boss battles; released in PAL/Japan (US only via Sega Channel).
Genesis,Beastball,Beastball (unreleased prototype),Prototype,,An unreleased futuristic sports game (a port of Brutal Sports Football); survives as a near-complete prototype.
Genesis,Darwin 4081,Darwin 4081,Translation,,A Japan-only vertical-scrolling shoot-'em-up by Data East; fan-translated.
Genesis,Lobo,Lobo (cancelled DC Comics fighting game; prototype),Prototype,,A cancelled DC Comics fighting game with pre-rendered sprites (à la Killer Instinct); survives as a prototype.
Genesis,Mr nutz,Mr. Nutz,Import (non-US release),,A colorful side-scrolling platformer starring a squirrel hero; a PAL release.
Genesis,Power rangers,Mighty Morphin Power Rangers (1994 fighting game),Official,,"Mighty Morphin Power Rangers (1994), a one-on-one competitive fighting game in the Street Fighter mold."
Genesis,Twinkle Tale,Twinkle Tale (fan translation),Translation,,A Japan-only top-down run-and-gun shooter with a magical theme; fan-translated.
Genesis,Undead line,Undeadline (fan translation),Translation,,A Japan-only fantasy-themed shooter/action game; fan-translated.
Genesis,Bare Knuckle 3,Bare Knuckle III (Japanese Streets of Rage 3),Translation,,"The Japanese version of Streets of Rage 3, a beat-'em-up that differs from the censored Western release in story and difficulty."
Genesis,Darxide,Darxide (32X),Import (non-US release),,A 32X 3D space-combat shooter; a PAL release showcasing the add-on's polygon graphics.
Genesis,Gleylancer,Advanced Busterhawk: Gley Lancer (fan translation),Translation,,"Advanced Busterhawk: Gleylancer, a Japan-only horizontal shoot-'em-up; fan-translated."
Genesis,Jelly Boy,Jelly Boy,Prototype,,"An unreleased platformer by Probe/Ocean; fully playable but cancelled, surviving as a prototype."
Genesis,Mega Man,Mega Man: The Wily Wars,Import (non-US release),,"Mega Man: The Wily Wars, 16-bit remakes of Mega Man 1-3 plus a new Wily Tower mode (a non-US cartridge release)."
Genesis,S factor,The S Factor: Sonia and Silver (Sonic 1 hack),ROM Hack,Sonic the Hedgehog,"The S Factor: Sonia and Silver, a Sonic 1 hack adding two new playable characters with unique moves."
Genesis,Super Mario Bros.,Super Mario Bros. (Genesis homebrew port by Mairtrus),Homebrew port,port of Super Mario Bros. (NES),A homebrew port of the original NES Super Mario Bros. to the Genesis (by Mairtrus).
Genesis,sonic lost worlds,Sonic the Hedgehog: The Lost Worlds (Sonic 2 hack),ROM Hack,Sonic the Hedgehog 2,"Sonic the Hedgehog: The Lost Worlds, a Sonic 2 hack that recreates the zones cut from the game during development."
Genesis,Sonic Megamix,Sonic the Hedgehog Megamix,ROM Hack,Sonic the Hedgehog,"An ambitious Sonic 1 hack with new playable characters, remixed levels, and extra abilities."
Genesis,Battle Mania II,Battle Mania Daiginjō (Trouble Shooter Vintage) (fan translation),Translation,,"Battle Mania Daiginjo (Trouble Shooter Vintage), a Japan-only run-and-gun shooter; fan-translated."
Genesis,Eliminate Down,Eliminate Down,Translation,,"A rare, highly regarded Japan-only horizontal shoot-'em-up; fan-translated."
N64,Smash bros remix,Super Smash Bros. Remix,ROM Hack,Super Smash Bros.,"A hack of Super Smash Bros. (N64) adding extra characters, stages, music, and rebalanced fighting-game play."
N64,Sin and punishment,Sin and Punishment: Successor of the Earth (fan translation),Translation,,"A Treasure on-rails action shooter; Japan-only, played in English via fan translation."
N64,Zelda dawn and dusk,The Legend of Zelda: Dawn & Dusk,ROM Hack,Zelda: Ocarina of Time,An Ocarina of Time hack with new dungeons and a reworked overworld.
N64,Mario escape from jail,Mario: Escape from the Jail (Super Mario 64 hack),ROM Hack,Super Mario 64,A Super Mario 64 hack (a Ztar Attack prequel) where Mario must break out of an abandoned jail across new courses.
N64,Zelda Missing Link,The Legend of Zelda: The Missing Link,ROM Hack,Zelda: Ocarina of Time,An Ocarina of Time hack offering a full original adventure set between OoT and Majora's Mask.
N64,Waluigi's taco stand,Waluigi's Taco Stand,ROM Hack,Super Mario 64,"A short, meme-famous Super Mario 64 hack built around Waluigi and a taco stand."
N64,Detective Luigi,Detective Luigi (Super Mario 64 hack),ROM Hack,Super Mario 64,"A Super Mario 64 hack where you play Luigi investigating disappearances in New Block City, with clue-gathering gameplay."
N64,Zelda majora master quest,The Legend of Zelda: Majora's Mask – Master Quest (hack),ROM Hack,Zelda: Majora's Mask,"A harder, remixed version of Majora's Mask with modified dungeons and increased difficulty."
N64,Mario dragonball kart,Dragon Ball Kart 64 (Mario Kart 64 hack),ROM Hack,Mario Kart 64,A Mario Kart 64 reskin (Dragon Ball Kart 64) replacing racers with Dragon Ball characters and voice clips.
N64,Zelda master of time,The Legend of Zelda: The Master of Time,ROM Hack,Zelda: Ocarina of Time,An Ocarina of Time total-conversion hack with an all-new story and world.
N64,Zelda Nimpized,The Legend of Zelda: Ocarina of Time - Nimpize Adventure,ROM Hack,Zelda: Ocarina of Time,"An acclaimed Ocarina of Time total conversion (Nimpize Adventure) with a new overworld, dungeons, and quest."
N64,Zelda master quest,The Legend of Zelda: Ocarina of Time Master Quest,Official (Master Quest; originally unreleased on N64),,"Nintendo's remixed-dungeon version of Ocarina of Time (originally the unreleased N64 'Ura Zelda', later an official GameCube disc)."
N64,Mario missing stars,Super Mario 64: The Missing Stars,ROM Hack,Super Mario 64,A Super Mario 64 hack adding new custom courses and stars to collect.
N64,Zelda Voyager of time,The Legend of Zelda: Voyager of Time (OoT hack),ROM Hack,Zelda: Ocarina of Time,"An Ocarina of Time hack with an original, darker story set after Majora's Mask, plus new dungeons."
NES,Adventure Island IV,Adventure Island IV (Takahashi Meijin no Bōken Jima IV) (fan translation),Translation,,A Japan-only entry in the Adventure Island platformer series; played in English via fan translation.
NES,Castlevania Com,Castlevania: Chorus of Mysteries (hack),ROM Hack,Castlevania,"Castlevania: Chorus of Mysteries, a full original fan campaign built on the first NES Castlevania."
NES,Earthbound,"EarthBound Beginnings / Mother (NES, fan translation)",Translation,,"EarthBound Beginnings (Mother), the NES original that started the series; Japan-only, played in English via fan translation (or the unreleased English prototype)."
NES,Final Fantasy 2,"Final Fantasy II (NES, fan translation)",Translation,,"The Japan-only NES sequel Final Fantasy II, a turn-based RPG; played in English via fan translation."
NES,Kirby Halloween,Kirby's Halloween Adventure (Kirby's Adventure hack),ROM Hack,Kirby's Adventure,A Halloween-themed hack of Kirby's Adventure with spooky enemy sprites and remixed levels.
NES,My little pony,My Little Pony: Dr. Discord's Conquest (Mega Man 3 hack),ROM Hack,Mega Man 3,"My Little Pony: Dr. Discord's Conquest, a My Little Pony-themed hack of Mega Man 3."
NES,Recca,Summer Carnival '92: Recca,Translation,,"Summer Carnival '92: Recca, an intense, bullet-heavy Japan-only vertical shoot-'em-up."
NES,Rick and Morty,Rick and Morty (NES graphics hack),ROM Hack,Alien Syndrome,"A graphics hack of the NES game Alien Syndrome, redrawing the characters as Rick and Morty."
NES,Splatterhouse,Splatterhouse: Wanpaku Graffiti (fan translation),Translation,,"Splatterhouse: Wanpaku Graffiti, a cute parody spin-off of the horror series; Japan-only, fan-translated."
NES,Sweet Home,Sweet Home (fan translation),Translation,,A Japan-only survival-horror RPG and key precursor to Resident Evil; played in English via fan translation.
NES,Deadpool,Deadpool (Ninja Gaiden NES hack),ROM Hack,Ninja Gaiden,"A hack of the NES game Ninja Gaiden, reskinned and expanded into a Deadpool action-platformer."
SNES,sailor moon rpg,Bishōjo Senshi Sailor Moon: Another Story (fan translation),Translation,,"Bishoujo Senshi Sailor Moon: Another Story, a Japan-only turn-based RPG; played in English via fan translation."
SNES,TERRANIGMA,Terranigma,"Import (PAL release, English)",,An acclaimed action-RPG by Quintet about reviving the world; released in English in PAL regions but never in the US.
SNES,bs zelda maps,"BS The Legend of Zelda (Satellaview, Map 1 & 2 editions)",Translation,,"BS The Legend of Zelda, Satellaview broadcast Zelda remakes (Map 1 & 2 editions); Japan-only, played via fan translation."
SNES,fire emblem holy war,Fire Emblem: Genealogy of the Holy War (Seisen no Keifu) (fan translation),Translation,,"Fire Emblem: Genealogy of the Holy War, a Japan-only tactical RPG with a multi-generational story; fan-translated."
SNES,Kaizo Mario world 2,Kaizo Mario World 2,ROM Hack,Super Mario World,A brutally difficult Super Mario World 'kaizo' hack demanding frame-perfect platforming.
SNES,Bahamut lagoon,Bahamut Lagoon (fan translation),Translation,,"A Square strategy RPG with dragon-raising mechanics; Japan-only, played in English via fan translation."
SNES,MEGAMAN AND BASS,Mega Man & Bass (Rockman & Forte) (fan translation),Translation,,"Mega Man & Bass (Rockman & Forte), a Japan-only SNES action-platformer; played in English via fan translation."
SNES,Chrono trigger crimson,Chrono Trigger: Crimson Echoes,ROM Hack,Chrono Trigger,"An ambitious unofficial fan sequel to Chrono Trigger (Crimson Echoes), built as a ROM hack of the original."
SNES,fire emblem mystery,Fire Emblem: Mystery of the Emblem (Monshō no Nazo) (fan translation),Translation,,"Fire Emblem: Mystery of the Emblem, a Japan-only tactical RPG; played in English via fan translation."
SNES,fire emblem 776,Fire Emblem: Thracia 776 (fan translation),Translation,,"Fire Emblem: Thracia 776, a deep Japan-only tactical RPG; played in English via fan translation."
SNES,sailor moon r,"Bishōjo Senshi Sailor Moon R (Super Famicom, fan translation)",Translation,,"Bishoujo Senshi Sailor Moon R, a Japan-only side-scrolling beat-'em-up with a versus mode; fan-translated."
SNES,SECRET OF MANA 2,Seiken Densetsu 3 / Trials of Mana (fan translation),Translation,,"Seiken Densetsu 3 (later officially released as Trials of Mana), an action-RPG; Japan-only on SNES, fan-translated."
SNES,smt if,Shin Megami Tensei if... (fan translation),Translation,,"Shin Megami Tensei if..., a school-set spin-off of the SMT RPG series; Japan-only, fan-translated."
SNES,SMT,Shin Megami Tensei (fan translation),Translation,,"Shin Megami Tensei, the first-person dungeon RPG that anchors the series; Japan-only, played in English via fan translation."
SNES,smt2,Shin Megami Tensei II (fan translation),Translation,,"Shin Megami Tensei II, the sequel RPG; Japan-only, played in English via fan translation."
SNES,Star ocean,Star Ocean (fan translation),Translation,,"A tri-Ace action-RPG with real-time battles and branching paths; Japan-only on SNES, fan-translated."
SNES,Super metroid phazon,Super Metroid: Phazon (hack),ROM Hack,Super Metroid,"A difficulty/exploration hack of Super Metroid with a redesigned, tougher Zebes."
SNES,tales of phantasia,Tales of Phantasia (fan translation),Translation,,"The first Tales action-RPG, technically impressive for the SNES; Japan-only, played in English via fan translation."
SNES,Y's4,Ys IV: Mask of the Sun (fan translation),Translation,,"Ys IV: Mask of the Sun, an action-RPG in the Ys series; Japan-only, fan-translated."
SNES,zelda parallel worlds,The Legend of Zelda: Parallel Worlds,ROM Hack,Zelda: A Link to the Past,A famously hard total-conversion hack of A Link to the Past with new dungeons and overworld.
SNES,Dragon Quest V,Dragon Quest V: Hand of the Heavenly Bride (fan translation),Translation,,"Dragon Quest V: Hand of the Heavenly Bride, a turn-based RPG with monster recruiting; SNES version fan-translated."
SNES,EquestriaBound,EquestriaBound (EarthBound hack),ROM Hack,EarthBound,"A My Little Pony-themed hack of EarthBound, reworking the RPG with pony characters."
SNES,F zero bs grand prix 2,BS F-Zero Grand Prix 2,Translation,,"A Satellaview broadcast F-Zero racer (BS F-Zero Grand Prix 2); Japan-only, played via fan translation."
SNES,Magic knight rayearth,Magic Knight Rayearth (fan translation),Translation,,"An action-RPG based on the Magic Knight Rayearth anime/manga; Japan-only, fan-translated."
SNES,Super Back to the future 2,Super Back to the Future Part II (fan translation),Translation,,"Super Back to the Future Part II, a Japan-only side-scrolling action-platformer; fan-translated."
SNES,Violinist of Hamelin,The Violinist of Hamelin (Hameln no Violin Hiki) (fan translation),Translation,,"A platformer based on the Violinist of Hamelin manga; Japan-only, played in English via fan translation."
SNES,Dragon quest 6,Dragon Quest VI: Realms of Revelation (fan translation),Translation,,"Dragon Quest VI: Realms of Revelation, a turn-based RPG with a dual-world story; SNES version fan-translated."
SNES,Earthbound halloween hack,EarthBound Halloween Hack,ROM Hack,EarthBound,"A short but acclaimed, story-heavy EarthBound hack (the 'Halloween Hack'/Brandish) with a dark, mature tone."
SNES,BS excite bike,BS Excitebike: Bunbun Mario Battle,Translation,,"BS Excitebike: Bunbun Mario Battle, a Satellaview racing game with Mario characters; Japan-only, fan-translated."
SNES,Jojo bizarre,"JoJo's Bizarre Adventure (SNES RPG, fan translation)",Translation,,"A Japan-only SNES RPG based on JoJo's Bizarre Adventure: Stardust Crusaders, mixing adventure and RPG combat; fan-translated."
SNES,parodius,Parodius Da! (fan translation),Translation,,"Parodius Da!, Konami's comedic parody of its Gradius shoot-'em-ups; Japan-only on SNES, fan-translated."
SNES,River city ransom 2,Shodai Nekketsu Kōha Kunio-kun (aka River City Ransom 2; fan translation),Translation,,"Shodai Nekketsu Kouha Kunio-kun (called 'River City Ransom 2' by fans), a Kunio beat-'em-up RPG; Japan-only, fan-translated."
SNES,Smt old,Shin Megami Tensei (original / older fan translation patch),Translation,,Shin Megami Tensei (the original RPG) with an earlier/older fan-translation patch applied.
SNES,Super Metroid Hyper,Super Metroid: Hyper (hack),ROM Hack,Super Metroid,A difficulty hack of Super Metroid with tougher enemies and a tweaked layout.
SNES,zelda goddess of wisdom,The Legend of Zelda: Goddess of Wisdom,ROM Hack,Zelda: A Link to the Past,"A full total-conversion hack of A Link to the Past with an all-new quest, dungeons, and map."
SNES,CLOCK TOWER,Clock Tower (fan translation),Translation,,A Japan-only point-and-click survival-horror game about escaping a killer; played in English via fan translation.
SNES,Conkers high rule tale,Conker's High Rule Tale (Zelda hack),ROM Hack,Zelda: A Link to the Past,A Link to the Past hack starring Conker the squirrel in a comedic reskin.
SNES,More zombies ate my neighbors,More Zombies Ate My Neighbors (hack),ROM Hack,Zombies Ate My Neighbors,An add-on hack of Zombies Ate My Neighbors providing a fresh set of levels for the co-op horror shooter.
SNES,FFV,Final Fantasy V (fan translation),Translation,,"Final Fantasy V, a job-system turn-based RPG; SNES version was Japan-only and is played in English via fan translation."
SNES,Super Metrooid Zero mission,Super Metroid: Zero Mission (hack),ROM Hack,Super Metroid,An exploration/redesign hack of Super Metroid that reworks the map and progression.
SNES,livealive,Live A Live (fan translation),Translation,,"Live A Live, an inventive RPG of seven separate scenarios across different eras; Japan-only on SNES (later remade), fan-translated."
TOTAL,,,,,
